Nombre;Semestre;Edad;Fecha
JOSE_PRUDENCIO MONTALVO;4;19;2024-04-02
ALFREDO_PABLO GARITA;3;25;2024-04-02
KARINA AUGIER;6;32;2024-04-02
TARSICIO DI_LERNIA;1;17;2024-04-02
BARBARA_ANNE MUBARQUI;1;40;2024-04-02
GHIORGHITA LORENZUTTI;7;26;2024-04-02
KADDOUR MOHOR;2;26;2024-04-02
MARIA_CONSOLACION SIROIT;7;20;2024-04-02
ARIADNA_VALENTINA ZUBIA;9;36;2024-04-02
ZOE BERMUDEZ;5;17;2024-04-02
VICTORIA_MARINA GHIO;1;22;2024-04-02
DENISA_CRISTINA TOGNASSO;3;18;2024-04-02
JAIME_AUGUSTO NOVILLO;3;16;2024-04-02
ALBERT_ANTONI DELAMARRE;8;38;2024-04-02
OSANE VILLETA;3;20;2024-04-02
SONIA_REGINA JECKE;3;28;2024-04-02
LUIS_ROQUE MADERO;4;22;2024-04-02
DANIELLA LLANQUIN;5;37;2024-04-02
BERKIS DESSEFF;7;17;2024-04-02
MARIA_ROSALBA MAGISTRELLI;10;25;2024-04-02
NORMA_ALEXANDRA ANTESANA;2;29;2024-04-02
BETTY_MARIA BAQUINE;3;21;2024-04-02
ALIAKSANDR TOMBOLINI;1;36;2024-04-02
RUBEN_ANDRES SARCANSKY;9;16;2024-04-02
BARTOLOME_FRANCISCO MOHRLANG;5;24;2024-04-02
RANIA REPRESAS;7;21;2024-04-02
RIMA MAURTUA;1;26;2024-04-02
SOCORRO GAROFOLI;5;23;2024-04-02
NAYLA ACARAPI;3;33;2024-04-02
AUGUSTO_FERNANDO FRANETOVICH;5;35;2024-04-02
OSCAR_ENRIQUE GAYOSO;9;33;2024-04-02
SANDRA_JIMENA ANTINUCCI;2;82;2024-04-02
CIPRIANO_MANUEL ALDREY;8;37;2024-04-02
GOIURI FILIP;7;23;2024-04-02
THOMAS_GEORGE BELLETTI;4;23;2024-04-02
JULIAN_ARTURO MEJA;2;16;2024-04-02
MONICA_CARMEN PRIETO;6;23;2024-04-02
DRAGANA ODELLO;2;24;2024-04-02
SABI헨 SCHALIN;8;30;2024-04-02
KARL_PETER ANDRIONI;9;25;2024-04-02
JOSE_MELCHOR TARIFE침O;2;61;2024-04-02
MANUEL_GERARDO TONCOVICH;9;19;2024-04-02
EDUARDO_RAUL DATSIRA;3;19;2024-04-02
BEI SAUSA;10;26;2024-04-02
WALTER_OMAR DE_ORO;4;20;2024-04-02
GUILLERMO_ANGEL DEL_SE침OR;1;47;2024-04-02
NOEL_JOSE CIVERCHIA;3;18;2024-04-02
REBECA_PATRICIA LA_TERZA;5;23;2024-04-02
HERTA BOLZAN;5;21;2024-04-02
AMELIA_ROSARIO PROTOMASTRO;5;16;2024-04-02
DANIELA_GEORGIANA JURICH;5;19;2024-04-02
CASIANA QUILES;7;21;2024-04-02
EL_HAJJA CAPINERI;3;20;2024-04-02
CORINA_CARMEN CARIL;3;32;2024-04-02
ISKANDER FAIG;4;21;2024-04-02
MARIA_MENDIA AGUILERA;2;40;2024-04-02
HERMELINDO CAROU;3;32;2024-04-02
NAWAL SPATAZZA;7;30;2024-04-02
LUCAS_LUIS PORTALE;1;23;2024-04-02
JULIA_MERCEDES STOCHYK;4;17;2024-04-02
INES_MARINA JENSEN;2;20;2024-04-02
LUIS_MIGUEL BARK;7;33;2024-04-02
YOLANDA_ANGELES SANDAGORDA;6;28;2024-04-02
CYNTHIA_MARIA CUSCUETA;3;23;2024-04-02
BALTASAR TROVATO;2;39;2024-04-02
GENNADIY GIACOIA;5;36;2024-04-02
NORBERT FUSIMAN;9;42;2024-04-02
GABRIELA_ALINA CEAN;1;40;2024-04-02
TERESA_SUSANA CRIADO;1;37;2024-04-02
ANGEL_RICARDO DENARO;4;33;2024-04-02
MODESTO_JESUS REOLON;2;36;2024-04-02
NANCY_VERONICA PAULVEZAK;4;83;2024-04-02
FOUNEKE GIOVANNELLI;2;35;2024-04-02
DOUGA WELKE;3;37;2024-04-02
RICHARD_THOMAS ARREYES;3;82;2024-04-02
WEIXIAO SOULEZ;10;42;2024-04-02
JUANA_GUADALUPE ALVARES;6;16;2024-04-02
KIRSTEN AIBAR;5;18;2024-04-02
DAVID_GERARDO PICIN;1;17;2024-04-02
ION_ANDONI COLMENAREZ;2;22;2024-04-02
PILAR_CRISTINA HEIM;8;49;2024-04-02
EL_HOUSSINE SCARAVILLI;3;28;2024-04-02
REDOUANE CASCALLARES;6;23;2024-04-02
ANDRES_DARIO ROBERTS;7;26;2024-04-02
DARIUSZ_PIOTR ARRUA;1;67;2024-04-02
YASIEL PASCULLI;1;29;2024-04-02
CAROLINA_ESTEFANIA LLANCAPANI;6;38;2024-04-02
YASMINA_CARMEN VANO;5;70;2024-04-02
JORDI_MARIA NOMS;5;16;2024-04-02
JUAN_FELIX UMPIERREZ;9;48;2024-04-02
ALICIA_JUANA PEDROSA;10;24;2024-04-02
ELIDA_BEATRIZ CA침ETE;6;35;2024-04-02
JON_ALEXANDER PAGANI;8;38;2024-04-02
RICHARD_JOHN KORENBLUM;6;23;2024-04-02
SHAHZAD WALTROSSE;1;37;2024-04-02
DOLORES_ESPERANZA REBISSO;2;23;2024-04-02
HAJI CESINI;2;16;2024-04-02
MONICA_ESTEFANIA MARQUI;5;20;2024-04-02
ALAN_JOSE SIMUNOVICH;8;77;2024-04-02
ENRIC_JOSEP VITES;1;33;2024-04-02
DEYAN SCINOCCA;9;21;2024-04-02
CHONA G칲IRALDES;3;78;2024-04-02
CHUN OTIN;5;21;2024-04-02
GRZEGORZ_PIOTR CASSONI;2;37;2024-04-02
SERHIY BELZA;3;17;2024-04-02
RAUL_GEORGE BAINOTTI;5;39;2024-04-02
ROCIO_CARMEN AVALLAY;3;40;2024-04-02
ROSA_ASUNCION RUZAK;1;21;2024-04-02
SEAMUS VITALE;5;23;2024-04-02
GERARDO_RAMON RITCHIE;1;17;2024-04-02
MATTHEW_DAVID GREGORETTI;8;19;2024-04-02
JANNAT MAZZARONI;4;18;2024-04-02
ALIAN BETANCUR;4;31;2024-04-02
LUCIANO_RAMON CEDE침O;8;23;2024-04-02
IONEL_FLORIN GALIUSSI;3;46;2024-04-02
YONGMIN LIZZUL;6;24;2024-04-02
RADKO COLOMBANA;7;25;2024-04-02
MIHAELA_LARISA ESCANDIEL;6;29;2024-04-02
MARCIN_PAWEL ANDRUET;3;19;2024-04-02
LUIS_ISMAEL POMAR;2;22;2024-04-02
ANTONIO_ISIDRO VERDUN;1;17;2024-04-02
PAULA_ANA MARIANO;2;31;2024-04-02
STANCA CORREAL;6;35;2024-04-02
ZEIN ALLAMPRESE;5;28;2024-04-02
ITSASNE RAHMAN;4;22;2024-04-02
YIYANG FUENTES;7;25;2024-04-02
MIGUEL_PABLO CAPAFONS;6;26;2024-04-02
ADELIO ELISSAMBURU;8;38;2024-04-02
KARIMA CARDOSO;5;25;2024-04-02
GRAHAM_JOHN MARUCCO;9;38;2024-04-02
CHAYMAA PICADO;2;19;2024-04-02
OVIDIU_IONUT CUSA;7;18;2024-04-02
HAMIDREZA FONTANESSI;2;32;2024-04-02
ALEJANDRA_ANDREA GARAVAGLIA;10;72;2024-04-02
SERGIO NAVONE;7;24;2024-04-02
ANA_YASMINA TORRONTEGUI;7;54;2024-04-02
OSCAR_MARIA FUGA;4;27;2024-04-02
LINDSAY OTALORA;1;32;2024-04-02
JUAN_SERAFIN NOLE;2;33;2024-04-02
NARCISA_ELENA VANIN;8;25;2024-04-02
MARIAN_NICOLAE EGOZCUE;8;40;2024-04-02
ESTHER_ELENA SAIQUE;10;33;2024-04-02
FLOR_INES RUCCI;8;16;2024-04-02
IOAN_COSMIN VASQUES;7;19;2024-04-02
MIREN_ELISABET AGUSTINE;1;21;2024-04-02
MIGUEL_BERNARDO BALVERDI;2;16;2024-04-02
MERCEDES_ANA ENCINA;6;22;2024-04-02
KEVIN_JAMES CAPPELLO;4;17;2024-04-02
MARIA_ROSARIO_TERESA IWANOW;2;16;2024-04-02
RENA OBA;3;28;2024-04-02
DANIELA_ROSARIO CORADINI;2;25;2024-04-02
MARCELA_NOEMI TERAN;3;17;2024-04-02
FRANCIELE MAFFULLO;4;18;2024-04-02
RAYHAN RANCEZ;7;27;2024-04-02
FERNANDA_ESTEFANIA BUSINSKAS;1;28;2024-04-02
GHIORGHE BONDAR;10;16;2024-04-02
NOOR DARLAN;6;38;2024-04-02
FELIX_GREGORIO ORDOQUI;1;37;2024-04-02
JIANJUN RUHOFF;4;18;2024-04-02
BEATRIZ_CONCEPCION WAGNEST;10;38;2024-04-02
CLAUDIA_ALEXANDRA WENG;10;16;2024-04-02
MARIA_EDILMA GALLETTO;8;33;2024-04-02
CRISTINA_VALERIA OROZ;10;29;2024-04-02
FRANCISCA_ANGELA OBREGON;6;18;2024-04-02
ALOMA LETIZIA;2;39;2024-04-02
PABLO_ERNESTO NICKISCH;3;40;2024-04-02
BRANDON_DANIEL CHOI;6;35;2024-04-02
JOSIANE MELLANA;4;25;2024-04-02
NATALIA_PATRICIA SAPOSNIK;6;22;2024-04-02
RUTH_ABIGAIL BONSEGUNDO;4;20;2024-04-02
YULIANG DELFINO;3;70;2024-04-02
TRINIDAD_ROSARIO IBALO;4;36;2024-04-02
PEDRO_JUSTO GABROVICH;2;25;2024-04-02
ALON LIESEGANG;6;38;2024-04-02
ROMAN_DAVID GILABERT;6;29;2024-04-02
TEODOR BALATTA;4;20;2024-04-02
ARSENIO_LUIS WANIEWSKI;10;17;2024-04-02
SAADIA ARONES;9;39;2024-04-02
FELIX_ARTURO ARAMAYO;2;32;2024-04-02
EL_ALAMI CEDOLINI;5;17;2024-04-02
ABDEL_MAJID LEVICURA;3;22;2024-04-02
LIDIA_INMACULADA VASSIA;3;22;2024-04-02
RICARDO_ERNESTO GUTIERREZ;2;35;2024-04-02
ABDERRAZZAQ CHICCO;8;36;2024-04-02
ISABEL_LETICIA DE_PIRO;5;22;2024-04-02
MIKA PALLARES;10;17;2024-04-02
FERNANDO_ESTEBAN QUILLOTAY;6;33;2024-04-02
VIRGINIA_ALEJANDRA PEYDRO;7;23;2024-04-02
CHRISTIAN_DANIEL BOTNER;4;20;2024-04-02
CARLINA KIBISZ;5;31;2024-04-02
WILFRED ARLEO;10;55;2024-04-02
AUGUSTO_ALEJANDRO TSANGANELIAS;6;17;2024-04-02
CHENYU CUMILAF;1;57;2024-04-02
IRMA_CECILIA DELLAVALLE;3;23;2024-04-02
NAJIMA COSMAN;8;63;2024-04-02
JAIONE BELLOFATTO;10;16;2024-04-02
ERNESTO_JOSE NARDIN;10;38;2024-04-02
DONALD BRECHB칲HL;4;36;2024-04-02
MARCOS_ROBERTO LUKICH;7;71;2024-04-02
RONALD_ANDRES URANGA;5;18;2024-04-02
EDMOND VERRONE;6;26;2024-04-02
JAVIER_FELIPE COPALI;1;38;2024-04-02
SECO BARISIC;9;18;2024-04-02
YULIET CENTIONI;10;22;2024-04-02
DANIEL_JORGE ENTRAIGAS;6;24;2024-04-02
NICOLAE_SEBASTIAN FLORI;3;16;2024-04-02
CELESTE_MARIA BALESSIO;9;35;2024-04-02
JAIME_MIGUEL ARTIAGAS;2;17;2024-04-02
VANESA_PILAR YACOVIELLO;8;39;2024-04-02
RICARDO_JORGE SPESSOT;1;27;2024-04-02
JOUSSEF KANOORE;7;21;2024-04-02
VANESSA_JESUS PIVIDAL;10;18;2024-04-02
INGEBORG_MARIA AZOGARAY;9;31;2024-04-02
MARGARITA_CAROLINA PESSOLANI;7;55;2024-04-02
PATRICIO LATEGANA;4;36;2024-04-02
RIM OLDANO;1;78;2024-04-02
DAVIDE MONRROY;4;24;2024-04-02
JULIA_ANGELES FASOLIS;4;24;2024-04-02
PIEDAD_ROCIO SIMON;7;19;2024-04-02
MARIA_CEL ZAMPEDRI;4;22;2024-04-02
SENIA DOMENJO;2;19;2024-04-02
MONICA_MABEL PASSARO;2;25;2024-04-02
AZDDINE ZUZULICH;2;36;2024-04-02
HANZA FALLARINI;1;16;2024-04-02
PATRICIA_MONTSERRAT CURATOLO;4;36;2024-04-02
HAFID CUESTAS;8;21;2024-04-02
NUR GIANNI;8;17;2024-04-02
RAFAEL_GREGORIO FERRACUTTI;3;76;2024-04-02
PERE_MIQUEL LIDERMAN;7;34;2024-04-02
KHURRAM IBA침EZ;6;20;2024-04-02
LETICIA_ROCIO CHAVIN;4;21;2024-04-02
MARIO_CARLOS VASSAROTTO;6;25;2024-04-02
MARIA_GORETI CUTIN;4;37;2024-04-02
EMINA O'LERY;6;18;2024-04-02
CATALIN_MIHAI BELLAGIO;4;25;2024-04-02
NOUAMAN SOLORZA;2;34;2024-04-02
TINCA MORAN;2;20;2024-04-02
VALENTIN_CATALIN GALLINA;3;23;2024-04-02
ANMOL BRUQUE;4;25;2024-04-02
MANUEL_ISMAEL ARANEA;3;21;2024-04-02
MIREN_JOSEBE GIUFFRIDA;4;65;2024-04-02
MAMERTO FRANQUEZ;3;27;2024-04-02
MAURO_ALBERTO PIRO;4;33;2024-04-02
DOMNITA CHENA;7;21;2024-04-02
SUSAN_FRANCES TREROTOLA;1;22;2024-04-02
KEVIN_JOSE FAEZ;5;39;2024-04-02
YANZHEN PE침ALVER;1;82;2024-04-02
MOHAMED_MEHDI VAQUET;9;40;2024-04-02
EUSEBIO_JAVIER ALCONCHEL;4;35;2024-04-02
ALEX_DARIO GUEBARA;6;22;2024-04-02
BLAY GORDILLO;2;27;2024-04-02
RONALDO ALDERETE;9;23;2024-04-02
PATRICIA_SILVANA PIANELLI;9;33;2024-04-02
SABRINE ARLANDI;1;35;2024-04-02
LIDIA_CRISTINA ORIOLO;7;35;2024-04-02
ANNA_ALEXANDRA KAHLERT;3;30;2024-04-02
CARLINA NICOLLIER;6;22;2024-04-02
NURIA_ALEJANDRA BLANQUER;5;26;2024-04-02
ANISS MARULICH;10;27;2024-04-02
JORDAN_ALEXANDER CUENYA;3;19;2024-04-02
ISABEL_VALLE BASTIANELLI;3;22;2024-04-02
ILDEFONSO SFORZINI;6;41;2024-04-02
ALEXIS_ANTONIO SALAMENDI;1;39;2024-04-02
BLANCA_LIBIA DE_ARMAS;7;36;2024-04-02
WISAM CAMPREGHER;10;21;2024-04-02
ADRIANA_CATALINA IVACHUTA;9;33;2024-04-02
ABDESLEM PUCA;2;23;2024-04-02
ARHAM CAINI;5;19;2024-04-02
BLANCA_MARGARITA KARAMANIAN;4;20;2024-04-02
GIAN_PIERO DABOSER;7;34;2024-04-02
EDUARDO_BORJA WILLAMS;2;31;2024-04-02
ALBERTO_PEDRO BIELECKI;4;39;2024-04-02
PABLO_GABRIEL I침ARRA;6;17;2024-04-02
HARESH DEATRICH;2;26;2024-04-02
FRANCISCA_BEGO헤 ANTOS;7;28;2024-04-02
RODRIGO_AGUSTIN PURDIE;8;19;2024-04-02
NEDKO CISELLI;8;32;2024-04-02
ROSARIO_GLORIA PANCZUCH;10;23;2024-04-02
LUAN CASTEBLANCO;3;37;2024-04-02
CAROLINA_VANESSA REINA;6;18;2024-04-02
KEVIN_JAVIER OCHIUZZO;8;44;2024-04-02
PAULA_REGINA COPELLI;9;39;2024-04-02
STEEN D'_ONGHIA;4;29;2024-04-02
MARIANO_CARLOS PORCARO;2;20;2024-04-02
GEMA_BEATRIZ RAVERTA;3;20;2024-04-02
NAST DATTI;1;34;2024-04-02
VIRGINIA_ANA SOMMARO;6;80;2024-04-02
DEIENE BERTERO;6;33;2024-04-02
ANA_GISELA CARAZO;2;27;2024-04-02
EILEEN GASPARRE;2;21;2024-04-02
LOURDES_FRANCISCA NAVARRETE;2;61;2024-04-02
IVAN_ANDRES BERTOSSI;1;33;2024-04-02
HELOISA CRISTALDO;5;42;2024-04-02
ALEJANDRO_EMILIO TSIACULIAS;7;32;2024-04-02
ALINA_IONELA TREBINO;5;53;2024-04-02
MARILYN SAN_LEONE;1;31;2024-04-02
PETRA_MARIA BARRIONUEVO;1;19;2024-04-02
JOHANNA_GABRIELA CHAILE;10;58;2024-04-02
CANDELARIA_PINO ZARIFE;5;29;2024-04-02
CORNEL_FLORIN DE_LA_VEGA;3;22;2024-04-02
ACAIMO BELLACOMO;4;25;2024-04-02
ALEXANDRU_CATALIN ARANGUREN;7;31;2024-04-02
DOBRE PAGGI;10;18;2024-04-02
MARIA_JENNIFER DE_ZAN;9;33;2024-04-02
MARIA_ZULEICA QUICHO;2;34;2024-04-02
MARIA_NILDA TOSTO;5;23;2024-04-02
CLAUDIA_JUDITH ERGUETA;4;55;2024-04-02
ERICK_FABRICIO IZNARDI;6;42;2024-04-02
SANDRA_EUGENIA LUJANO;1;19;2024-04-02
KLAUS_JURGEN CIVALE;5;25;2024-04-02
ISAAC_GABRIEL D'_ONOFRIO;7;40;2024-04-02
ANTHONY_STEPHEN RIVALTA;5;23;2024-04-02
MARINA_ENCARNACION SPADARI;1;29;2024-04-02
EMMA_ROSA FAMOSO;4;25;2024-04-02
TEREZA ZAMBRELLA;6;18;2024-04-02
PAULINE_MARGARET MAIULI;4;38;2024-04-02
MARIA_DOLORES_VICTORIA ANTUNES;10;25;2024-04-02
AMAYRA BELCHIOR;4;20;2024-04-02
BELLA_ISABEL ALMINTEROS;2;67;2024-04-02
NATALIA_SOFIA BRIVIO;8;20;2024-04-02
ARIEL_MARTIN SUAYA;9;37;2024-04-02
ANTONIO_SIMON TORLASCO;9;22;2024-04-02
ALEX_SANDRO BARTOLINI;8;21;2024-04-02
HARJINDER DUNN;10;23;2024-04-02
JULIO_ANGEL SAGRADO;1;25;2024-04-02
MARLON_STEVEN COLLAZO;4;32;2024-04-02
VILMA_ESPERANZA FRANCESCHINI;2;27;2024-04-02
RENE_LUIS SCANDINARO;2;82;2024-04-02
JAVIER_CLEMENTE ZINNI;3;20;2024-04-02
ANA_LIGIA PARADA;1;23;2024-04-02
HEKTOR CARANA;4;33;2024-04-02
MATIAS_LEONEL MACKERN;7;40;2024-04-02
ALEJANDRO_RENE CASETTI;7;17;2024-04-02
REBECA_DANIELA LARROZA;10;40;2024-04-02
CARLOTTA GALVAN;7;21;2024-04-02
KINGSLEY URBANO;2;16;2024-04-02
FRANCISCA_ROCIO CACHAMBE;2;22;2024-04-02
MARIA_ALCINA COTAL;8;39;2024-04-02
SOUFIAN FIERRO;4;37;2024-04-02
ANDREEA_TEODORA BOZZUFFI;1;16;2024-04-02
JORGE_RENE TEMPRANO;6;64;2024-04-02
ORNELA ZULUAGA;1;20;2024-04-02
ANINA CAMARDA;2;17;2024-04-02
JIAHAO MAQUEZ;8;59;2024-04-02
IRENE_MARY LANZAVECCHIA;3;22;2024-04-02
ABELARDO_JOSE CULACCIATI;7;19;2024-04-02
JOSEBA_I헤KI ENRIQUES;4;23;2024-04-02
MARIA_MELISA ROTKOSKI;7;29;2024-04-02
JOSE_HENRIQUE MOLINA;5;22;2024-04-02
SIMON_LUIS ESCOTORIN;8;32;2024-04-02
SANCHO_ABARCA ELGUETA;6;19;2024-04-02
BEATRIZ_SOLEDAD DI_MEGLIO;2;27;2024-04-02
ROSA_ETELVINA BAEZ;3;19;2024-04-02
ANGELES_ROSARIO MICHELI;2;28;2024-04-02
DARIUS_MIHAI LICHTENWALD;3;32;2024-04-02
CHEMA REGGIARDO;3;31;2024-04-02
IVETE CRUZANS;6;25;2024-04-02
TERESA_MERCEDES CAMARERO;6;30;2024-04-02
ALBERTO_GUILLERMO RIOLO;1;69;2024-04-02
VILMAR LAURA;5;20;2024-04-02
BLANCA_JOSEFINA FASAN;10;36;2024-04-02
VIVIENNE MACHA;1;39;2024-04-02
ALEXANDRA_MARIANA CANIZA;7;21;2024-04-02
CHISTOPHER DE_CARLI;6;28;2024-04-02
FATIMA_VICTORIA BUONOFIGLIO;3;19;2024-04-02
ROMAN_FRANCISCO ITURRES;2;31;2024-04-02
NICOLAS_ANDRE LESCANO;6;34;2024-04-02
MARIUS_CATALIN BANINI;2;29;2024-04-02
ALDIN SAO;3;17;2024-04-02
JIA_YI ROGUIN;10;37;2024-04-02
CARLOS_XABIER MIRAVAL;2;40;2024-04-02
CRISTINA_JUANA AMOROSINO;7;31;2024-04-02
MARIA_JACOBA ARIZA;7;33;2024-04-02
ALIN_GEORGE TISLER;7;32;2024-04-02
JENNIFER SANTUCHI;5;38;2024-04-02
CRISTIAN_MANUEL NEBREDA;5;33;2024-04-02
BEATRIZ_PATRICIA SANCHIS;2;25;2024-04-02
LISBETH VOLCOVICH;9;31;2024-04-02
EMILIO_ERNESTO CEIZEL;7;16;2024-04-02
ROSALIO NOTARIS;6;17;2024-04-02
ANTONI_MIQUEL ECHEGARAY;9;21;2024-04-02
CRISTINA_GABRIELA LUZA;2;32;2024-04-02
DOMNITA MATTIELLO;3;27;2024-04-02
LUIS_JAIRO ALLASIA;1;34;2024-04-02
RAHILA HEIB;1;28;2024-04-02
SANDRA_HELENA GIOSA;6;32;2024-04-02
ROSA_ESPERANZA TROILA;7;30;2024-04-02
ABDULAZIZ SMOLINSKI;3;30;2024-04-02
NAIA GRAFF;5;26;2024-04-02
LUCAS_MARIANO PUTELLI;4;16;2024-04-02
CARLOS_JOEL DONAIRE;2;27;2024-04-02
NACHO CASACCIA;3;81;2024-04-02
MARTIN TAGLIANETTI;1;35;2024-04-02
LUISA_MERCEDES GRIMALDO;1;70;2024-04-02
VIRGINIA_VERONICA SOTTILE;7;17;2024-04-02
GINES_JESUS PINCHEIRA;4;23;2024-04-02
ANTONIO_LEOPOLDO CARMINIO;1;21;2024-04-02
NAYANA CHAPELET;6;22;2024-04-02
JUAN_WENCESLAO VERGILI;8;21;2024-04-02
CANDELARIA_CARMEN VIMERCATTI;4;20;2024-04-02
DIGNA_EMERITA PE침ALBER;3;21;2024-04-02
BEATRIZ_JESUS LISCEIKO;5;25;2024-04-02
AURENTINA BATS;7;43;2024-04-02
GEOVANI BRONZONE;2;34;2024-04-02
DADO MESTELAN;9;30;2024-04-02
ADOSINDA NAVAZIO;4;24;2024-04-02
FERNANDO_JESUS KANTINE;6;22;2024-04-02
ARLENA LARITZ;9;22;2024-04-02
LUCIA_BELEN VENENCIA;9;25;2024-04-02
CHRISTIAN_DANIEL SENTURION;1;19;2024-04-02
ANTONIO_ISIDORO CADENAZZI;4;21;2024-04-02
SHEYLA GASBARRO;10;23;2024-04-02
ALFREDO_GUILLERMO MINERVA;10;21;2024-04-02
OUM_KALTOUM PELICHIA;9;27;2024-04-02
JAMES_STUART BANFFI;1;23;2024-04-02
EL_GHAZOUANI MACIEJOWSKI;8;18;2024-04-02
TANIA_TAMARA GIOIOSA;3;28;2024-04-02
ANA_GENOVEVA SAVRON;2;27;2024-04-02
LUIS_ARNALDO BOLART;4;22;2024-04-02
CARLOS_EDMUNDO BRAVO;2;17;2024-04-02
KULDEEP AGON;3;23;2024-04-02
AQUILINO_JOSE BESSO;9;21;2024-04-02
PETER_COLIN DELSORCI;6;18;2024-04-02
MARIA_INOCENTA GOROSTEGUI;1;31;2024-04-02
GUSTAVO_ENRIQUE KULESA;6;30;2024-04-02
YIXUAN RA침IPE;8;23;2024-04-02
CASTULA ZONFRILLO;2;31;2024-04-02
GABRIEL_FELIPE ORINGO;4;24;2024-04-02
KAROL SAGUA;5;18;2024-04-02
ANDRES_CORSINO CATALDO;3;38;2024-04-02
MARIA_MIRACLE BRUNETTO;7;19;2024-04-02
LUIS_BERNABE ROIG;4;35;2024-04-02
CARMEN_EMILIA CHANA;10;38;2024-04-02
SILVIA_CONSUELO ZAIR;6;31;2024-04-02
ANA_LORENA SUELDO;5;21;2024-04-02
ANA_COVADONGA CHILE;8;18;2024-04-02
ROSA_AGUSTINA INDORADO;5;24;2024-04-02
DALIA_MARIA HABIF;2;79;2024-04-02
MARIANA_ISABEL BERTUGGIA;8;23;2024-04-02
LUIS_GONZALO AYUARE;1;40;2024-04-02
FELISA_TERESA MONTALDO;3;21;2024-04-02
DELIA_GABRIELA ALBERTINI;2;32;2024-04-02
HECTOR_RENE YORDANA;1;30;2024-04-02
WILBERT MU침IZ;6;16;2024-04-02
CATALIN_BOGDAN TECERA;10;16;2024-04-02
GANEKO GIOVANNANGELO;10;20;2024-04-02
CUIPING BRITEZ;4;31;2024-04-02
ANTONIA_CONSUELO SORATTI;4;27;2024-04-02
IRMA_YOLANDA PALLANZA;2;38;2024-04-02
FEDORA FALCON;1;19;2024-04-02
BLANCA_ANTONIA URZUA;3;35;2024-04-02
ROSINA_MARIA SCHLEMMER;7;20;2024-04-02
MAYKOL DIOS;1;33;2024-04-02
DIANA_STEFANIA CRINEJO;1;37;2024-04-02
DANIEL_LORENZO GAREY;6;49;2024-04-02
MONICA_PAOLA VILLAFAN;5;22;2024-04-02
MIHAELA_CLAUDIA NADEO;4;29;2024-04-02
BELMIRO SCIOTTO;4;22;2024-04-02
JEYKO LALLITTO;9;22;2024-04-02
SVETOSLAVA AFRICANI;5;33;2024-04-02
YUEQIN SITKO;4;31;2024-04-02
ABDEDDAIM CELESTE;9;31;2024-04-02
DOROTEA SEGUI;1;19;2024-04-02
PRZEMYSLAW EIZAGUIRRE;4;30;2024-04-02
ANA_DEBORA SAKER;5;28;2024-04-02
KINE ANNETTA;1;29;2024-04-02
ANTONIO_MARCO DE_MAURICIO;3;20;2024-04-02
JUSTINA CANALEZ;5;21;2024-04-02
SIMONA_FLORINA CABA침EZ;4;16;2024-04-02
ALIN_CLAUDIU ARMOA;9;59;2024-04-02
ALEKSANDRAS GAMALERO;8;34;2024-04-02
YUVAL BARRIONUEVO;2;20;2024-04-02
DULCE_NOMBRE_MARIA BAHHOURI;2;21;2024-04-02
MARA_CARMEN MUNER;3;26;2024-04-02
LUIS_MAXIMILIANO HUMANA;8;21;2024-04-02
ELVIS_ANTONIO BERAKHA;4;36;2024-04-02
KALEN SANDER;1;39;2024-04-02
ELOY_RAFAEL LENTZ;4;31;2024-04-02
MARIA_IVONE MISKOVIC;4;38;2024-04-02
SOUHILA CIARLANTINI;4;25;2024-04-02
ALEXANDRE CAMPAYO;4;29;2024-04-02
GUSTAVO_ALEJANDRO VERNIERI;9;28;2024-04-02
GUSTAVO_MAURICIO BEDINO;8;25;2024-04-02
ARIEL_ANDRES COASSOLO;9;31;2024-04-02
AURELIA_ISABEL LILO;7;23;2024-04-02
ALEXANDRA_SIMONA AIMALE;2;30;2024-04-02
LUIS_RAMON ALVORNOZ;6;33;2024-04-02
YOLANDA_PILAR REINAGA;3;25;2024-04-02
XIN IOSA;10;22;2024-04-02
JIAYU ORMACHEA;1;32;2024-04-02
YAIZA_ESTHER CHAJUD;3;36;2024-04-02
MARIA_CARMEN_RITA QUESADA;7;17;2024-04-02
SICILIA CROVA;5;37;2024-04-02
JUAN_ROLANDO INSABRALDE;10;21;2024-04-02
MARIA_CARMEN_AURORA BERENJE;9;25;2024-04-02
ALEJANDRA_PATRICIA MUZZOLINI;4;25;2024-04-02
JINGYI VACCA;3;20;2024-04-02
NANCI FRIDMAN;7;23;2024-04-02
MOHAMED_MEHDI VILLAGRA;4;20;2024-04-02
NASRIN IASICH;3;25;2024-04-02
GALILEA ROVEDATTI;8;22;2024-04-02
ABDELMONIM LAGOS;9;32;2024-04-02
MARIA_LINA SEGALA;7;21;2024-04-02
FANOR ESPINO;5;24;2024-04-02
MIGUEL_JUSTO CHOLFF;10;38;2024-04-02
PENELOPE_ANN BATAC;1;21;2024-04-02
DARREN_PAUL ALCARAZ;8;24;2024-04-02
EDGAR_ALBERTO SANITA;7;21;2024-04-02
DANA_MIHAELA CHANAMPA;10;32;2024-04-02
PAMELA_ELIZABETH DE_BENITO;1;25;2024-04-02
LINA_ISABEL MAZZONE;6;37;2024-04-02
MIREYA_ELIZABETH TRECAMAN;2;17;2024-04-02
ROSARIO_ASUNCION SOPLAN;2;40;2024-04-02
FLORIANO SOUTHWELL;7;24;2024-04-02
MARTIN_RICARDO CARLEVARO;8;35;2024-04-02
JONATHAN_CARLOS DEVITTO;6;39;2024-04-02
JOSEFA_OLGA TOURON;2;23;2024-04-02
MARIA_CRISTO ARGAYO;10;34;2024-04-02
ANA_PAOLA MARQUARDT;7;84;2024-04-02
MIRIAN_YOLANDA SCAGLIUSI;8;17;2024-04-02
STELUTA MONZON;5;24;2024-04-02
JOAN_MIGUEL FRATALOCCHI;3;26;2024-04-02
SIMON_MANUEL MAZZOKY;1;22;2024-04-02
EDUARDO_ROBERTO VOGL;2;23;2024-04-02
MARIA_VINYET KLEISINGER;7;17;2024-04-02
JUNIA ALLODI;8;32;2024-04-02
ADRIAN_MATEO KARAKACHIAN;10;28;2024-04-02
EFOSA TAPPARO;9;25;2024-04-02
NATI SANDAY;1;19;2024-04-02
GERMAN_ALFREDO PAPADOPOULOS;2;17;2024-04-02
JUAN_ALBERTO YONAGI;8;66;2024-04-02
ANGEL_BOLIVAR RAFFAELI;1;25;2024-04-02
LEONTINA CHOI;4;24;2024-04-02
TAOUFIQ EIJO;2;27;2024-04-02
ALEX_ENRIQUE GONZALORENA;2;27;2024-04-02
RIBANA VICENTE;7;31;2024-04-02
AITANA_SOFIA SAL;4;18;2024-04-02
ANJU MILANO;8;32;2024-04-02
GEMA_ELENA GALIGNIANA;4;16;2024-04-02
AURELIO_JOSE ORIBE;5;45;2024-04-02
NATHALIA_ANDREA OLAIRE;5;30;2024-04-02
SUSY TORRESI;10;20;2024-04-02
SANTIAGO_ARIEL AMORIN;8;16;2024-04-02
AGUSTIN_MATIAS CAJIGAL;5;16;2024-04-02
GUOPING ALCAINO;6;33;2024-04-02
VICTOR_FIDEL PRIEU;8;22;2024-04-02
FERNANDO_ANDRES SOUSA;1;23;2024-04-02
ZAHARA MEDVESIG;7;28;2024-04-02
TOMAS_ESTEBAN NAGUELQUIN;5;31;2024-04-02
FLOR_ALBA CAMORALI;3;18;2024-04-02
FRODE CLERC;1;18;2024-04-02
HRISTO_GEORGIEV RUFINER;2;23;2024-04-02
REMIGIJUS BAGGIO;7;22;2024-04-02
NAYIBE YAHUALCA;5;71;2024-04-02
YARET CAPROTTI;10;32;2024-04-02
MADDI LUZZA;4;23;2024-04-02
SALADINO MILLAN;6;19;2024-04-02
ZENOBIO MANGIUCCA;3;24;2024-04-02
QI RAMPONE;10;22;2024-04-02
IRIOME DESPO;4;31;2024-04-02
MERIEN LORENTE;7;31;2024-04-02
MIRELA_FLORINA TABBIA;3;24;2024-04-02
BISMARCK SOTOMAYOR;3;20;2024-04-02
ALBA_MERCEDES QUIPILDOR;9;80;2024-04-02
ELENA_VANESA MONTIEL;10;22;2024-04-02
YOSUA LIBUA;4;17;2024-04-02
TOMAS EGIDO;10;25;2024-04-02
WILLIAM_PATRICK ZARALLI;2;16;2024-04-02
ALBERTO_RODRIGO CASILLA;5;19;2024-04-02
NOELIA_ANDREA ZORRILLA;4;18;2024-04-02
MIRNA_BEATRIZ BRIZUELA;7;39;2024-04-02
MARIA_CRESCENCIA ABRELLANO;1;46;2024-04-02
JON_GURUTZ ESPIE;1;39;2024-04-02
SERGIO_OMAR FLAMIG;9;24;2024-04-02
LJUBICA GERLOFF;6;24;2024-04-02
ASTRID_MARIA IRURZUN;4;20;2024-04-02
FLORENTINA_LILIANA TROTO;1;72;2024-04-02
YESSIKA NAVES;1;38;2024-04-02
ISMENIA BIES;1;25;2024-04-02
IOAN_CRISTIAN MIRANDA;2;17;2024-04-02
MOHAMED_ANOUAR EDORNA;7;28;2024-04-02
JEAN_JACQUES BARALE;2;24;2024-04-02
CAMELIA_ALINA LAVALLE;3;17;2024-04-02
MATI DIMITRIOFF;3;25;2024-04-02
CARMEN_PATRICIA SAGRATELLA;9;23;2024-04-02
TAMILA VEIZAGA;9;23;2024-04-02
ESTHER_ANGELES ULMI;8;51;2024-04-02
JHON FORZANO;4;28;2024-04-02
RICARDO_FILIPE BEVRE;9;36;2024-04-02
BITOR MOLTENI;3;37;2024-04-02
ROBERT_IAN GERACI;7;26;2024-04-02
ABISAI MIGUEZ;1;23;2024-04-02
DEIVIS SIEBOLD;1;20;2024-04-02
ROSA_AZUCENA BATISTI;5;18;2024-04-02
EL_HOCINE FABRI;10;30;2024-04-02
HAMZA LARRAMENDI;5;20;2024-04-02
OSCAR_ROLANDO SE침A;9;31;2024-04-02
MAME_AWA TOLEDO;7;75;2024-04-02
BEL O침A;4;47;2024-04-02
OIHANA FERRER;1;23;2024-04-02
BENJAMIN DURYSEK;6;34;2024-04-02
ANDROS FRIEDRICH;6;28;2024-04-02
DANIEL_MARK JENSEN;9;23;2024-04-02
MARIA_ISAURA GRELLA;3;27;2024-04-02
GEORGE_MIHAITA CANDELA;2;47;2024-04-02
HOUSSAM CHUFFARDI;7;32;2024-04-02
ANNA_KATHARINA WU;5;39;2024-04-02
EDGAR_DANIEL TEMPIO;4;37;2024-04-02
FARAJI GALVANO;6;24;2024-04-02
MARIA_LUISE CABRAL;6;25;2024-04-02
EPIFANIO NIEBA;7;34;2024-04-02
NIDAE SOMENZI;3;24;2024-04-02
ANGEL_LEON VUOTTO;5;83;2024-04-02
ANDREA_JACQUELINE SAFENREITER;2;21;2024-04-02
OSCAR_JUNIOR GADISCHESKI;5;27;2024-04-02
BRYAN_ALBERTO ARRIBAS;7;39;2024-04-02
FERNANDO_CARMELO MARI;4;40;2024-04-02
LUIS_ALFONSO DEDICH;5;22;2024-04-02
MARIA_DULCINA PAREJAS;1;16;2024-04-02
RENEE BURSA;1;20;2024-04-02
ADAMA CORNETTA;10;20;2024-04-02
ANTONIO_BENJAMIN HAZELHOFF;2;38;2024-04-02
RODRIGO_NICOLAS KOWALEC;4;22;2024-04-02
RENATA_MARIA JANELA;6;50;2024-04-02
ROSA_EMERITA ARRIOLA;5;27;2024-04-02
AGUASANTA QUERAL;5;16;2024-04-02
AURORA_FRANCISCA BOURLOT;8;36;2024-04-02
MARIA_DOLORES_CARMEN CHEJOLAN;3;21;2024-04-02
LUIS_JOSE PIERMARINI;5;25;2024-04-02
RASHAD DORADO;5;24;2024-04-02
FLORENCIO_LUIS CALLIER;2;17;2024-04-02
BENNY MONTINI;2;32;2024-04-02
SANDRO_MIGUEL PALLES;7;16;2024-04-02
JOICE DROPULIC;10;54;2024-04-02
CHOKRI TARABINE;5;16;2024-04-02
HAYDE GATTERA;9;16;2024-04-02
YUXIANG HACHA;5;36;2024-04-02
GABRIELA_INES OSTERMAN;2;24;2024-04-02
ANTONIO_MELCHOR 칌ANCUCHE;2;23;2024-04-02
VICENTE_MARTIN MAUGERI;4;37;2024-04-02
AMPELIO COSERES;1;35;2024-04-02
VANESSA_JESUS ANGELERO;9;30;2024-04-02
LINO_MANUEL HOULSTON;10;17;2024-04-02
MARIA_PRISCILA AZAMBUYO;2;25;2024-04-02
OLINDA_MARIA VALLEGA;10;27;2024-04-02
MAXIMILIANO_GABRIEL CHOCOBAR;5;21;2024-04-02
JAQUELINA JEANDREVIN;1;39;2024-04-02
DIMITAR_PETROV HUATAY;1;23;2024-04-02
JAMILETH CAMAROTTA;5;23;2024-04-02
DENIS_ANTONIO HONIG;7;24;2024-04-02
CRISTIAN_EUGEN ALOMA;1;39;2024-04-02
MARINA_SUSANA ROSATTO;4;40;2024-04-02
ROSMARY MALLQUI;3;30;2024-04-02
CARMEN_EULALIA LIMONAU;9;34;2024-04-02
LAURA_PALOMA BLOTTA;9;20;2024-04-02
CRISTINA_ESPERANZA CALGATERRA;5;16;2024-04-02
MARIA_MELISA BUTIGUE;2;79;2024-04-02
GITTA CARRERO;7;19;2024-04-02
MARILDA BOBRUSKA;9;55;2024-04-02
SILVIU_CRISTIAN CAMINADA;2;17;2024-04-02
PHILLIP CA침ETE;5;24;2024-04-02
ELENITA MONTANGIE;3;16;2024-04-02
AIDAS VON;5;23;2024-04-02
VIRGINIA_MERCEDES RUSSO;4;26;2024-04-02
FORTUNA CARAVARIO;2;76;2024-04-02
MANUELA_MARIA VALENTINUZ;3;55;2024-04-02
PETRA_LUISA DAVIDOFF;6;35;2024-04-02
GRACIELA_ALICIA PALAZZI;10;17;2024-04-02
CIRA_MARIA NAVARRO;5;25;2024-04-02
HAFIDA FRANZOT;2;26;2024-04-02
JESUS_DAVID WABRISEZEWICZ;3;21;2024-04-02
WILMER_ENRIQUE TORTUL;1;35;2024-04-02
LUCIO_MANUEL FONTAN;10;28;2024-04-02
ERICK_STEVEN ARRETTINO;2;26;2024-04-02
MARIA_ARMONIA DUBOY;6;32;2024-04-02
FAVIO APES;6;22;2024-04-02
MARIA_ROSARIO_TERESA GIOIA;1;19;2024-04-02
SARA_LEONOR MUNOZ;9;20;2024-04-02
AURORA_CRISTINA AXT;6;29;2024-04-02
ALPHONSE PIETRAGALLA;4;17;2024-04-02
NESTOR_JESUS MARTOCCIA;9;78;2024-04-02
ENRIQUE_CARMELO HERNANDO;2;40;2024-04-02
GASPAR_LUIS FORM;4;36;2024-04-02
DIANA_ESPERANZA FORSAT;6;18;2024-04-02
HALIMA AZARA;9;68;2024-04-02
RAMONA_CONCEPCION FERRAZZINI;7;21;2024-04-02
ALFIE MENEGHELLO;10;22;2024-04-02
LUCAS_VICENTE LAGUIAN;6;23;2024-04-02
ANER ALBACETTI;10;24;2024-04-02
UMA TOMALINO;10;37;2024-04-02
LAYACHI FOGLIA;8;17;2024-04-02
MALAMIN ORRABALIS;3;40;2024-04-02
MARIUS_GEORGIAN SILVARREDONDA;8;19;2024-04-02
HERMINIA_ROSA BRAYER;5;35;2024-04-02
ORQUIDEA DEIBE;4;22;2024-04-02
ISABELINO ZAMUDIO;2;31;2024-04-02
MERCEDES_LUISA YAGODNIG;5;22;2024-04-02
SILVIA_MARISOL SAGANIAS;4;29;2024-04-02
MARIA_PASION LEON;4;77;2024-04-02
IHSSAN SEA;1;37;2024-04-02
MARIA_ISABEL_BEGO헤 TERRAZA;3;40;2024-04-02
VIOREL_MARIAN BREIDE;2;38;2024-04-02
PEDRO_TEODORO COSANO;4;34;2024-04-02
MANUEL_CEFERINO TORALES;1;32;2024-04-02
VICENTA_ANGELES MARASCHI;5;28;2024-04-02
HANS_GUNTHER ARISTE;3;23;2024-04-02
ABDELOUAHID MESETE;9;38;2024-04-02
DIEGO_ARTURO ZAMBRANA;10;24;2024-04-02
JINGJING FURER;2;32;2024-04-02
ARUCA ROQUE;9;16;2024-04-02
HUNAIDA BURAK;7;23;2024-04-02
GHEORGHE_LAURENTIU DIAS;9;21;2024-04-02
ESPERANZA_MERCEDES SCHUERI;9;40;2024-04-02
EDWIN BACHA;1;29;2024-04-02
ABDENNOUR BARRILE;2;17;2024-04-02
YOREL TONTARELLI;2;16;2024-04-02
RAQUEL_IRENE FREI;10;20;2024-04-02
CARMEN_GREGORIA COLOMBO;3;22;2024-04-02
MONICA_FATIMA SALINA;8;37;2024-04-02
YAVOR TINTILAY;2;20;2024-04-02
MARTA_CARMEN UHARTE;7;29;2024-04-02
MARIA_EVANGELISTA COCETTA;8;23;2024-04-02
CONCEPCION_ROSA LAMBRESCHT;5;33;2024-04-02
JESUS_JAIME BIGINAY;4;33;2024-04-02
MARIA_BELARMINA ARAUCO;3;19;2024-04-02
DANIA SAFARANO;6;24;2024-04-02
MARIA_GILMA PANCALDI;2;23;2024-04-02
BENNASSER VILLALBA;9;17;2024-04-02
ALEJANDRA_VALERIA CONDORI;1;56;2024-04-02
LUIS_VIDAL CABASINHA;4;34;2024-04-02
MARIS MONIER;2;22;2024-04-02
GREGORIO_JUAN YUAN;9;37;2024-04-02
CRISTOBAL_COLON SCOLLO;5;31;2024-04-02
ELENA_TRINIDAD MOTTARD;3;24;2024-04-02
DOMINGO_JOAQUIN SAROME;4;61;2024-04-02
MARIA_LLANOS PELLISCO;3;17;2024-04-02
ROSE_ANN MASA;5;40;2024-04-02
VERONICA_ANALIA SCZULZ;4;31;2024-04-02
MARUAN VALLVERDU;1;46;2024-04-02
M_HAMED ATIA;3;40;2024-04-02
MOMCHIL CARPENA;3;19;2024-04-02
CESAR_OSCAR RUSSOMANNO;2;80;2024-04-02
PABLO_ISAAC TRIMARCHI;4;33;2024-04-02
MARIE_JEANNE SKLARUK;3;20;2024-04-02
I헬GO_FERNANDO RIBEIRO;7;27;2024-04-02
MIRIAM_ALEJANDRA SARR;7;29;2024-04-02
FATIMA_ZOHRA IBA침EZ;6;21;2024-04-02
JUAN_TRINIDAD QUERCI;3;17;2024-04-02
ZULEIMA COSTA;1;16;2024-04-02
BARBARA_MARTA CELARAYAN;2;31;2024-04-02
SALLY_ANNE LOIUDICE;2;26;2024-04-02
ZLATINA MESURACA;1;19;2024-04-02
FATIMA_ESPERANZA IDONE;6;27;2024-04-02
CECILE MALCERVELLI;4;19;2024-04-02
LUIS_ROQUE DRIMAL;7;39;2024-04-02
LILIANA_CAROLINA CICARDINI;3;37;2024-04-02
ANKOR OSTER;2;24;2024-04-02
MARCELO_JESUS MORCOS;9;38;2024-04-02
VICTOR_FELIPE ROSSOTTO;7;32;2024-04-02
LAKHDAR CEDE침O;3;32;2024-04-02
CATALIN_ALEXANDRU RUOTI;4;20;2024-04-02
SANTIAGO_CARLOS BALDASSO;6;17;2024-04-02
FLORENTINO_JOSE DEGIORGIS;2;66;2024-04-02
PEDRO_JORGE LEILA;4;32;2024-04-02
HUDA ELISEIRE;8;24;2024-04-02
LAROSI BLENGINI;2;33;2024-04-02
OSCAR_ALEXIS RETAMOSO;1;27;2024-04-02
FRANCISCA_ALICIA GUEVARA;2;32;2024-04-02
WAHIBA VICHOREK;6;19;2024-04-02
CVETAN CRAVERO;10;29;2024-04-02
NOIVE BEYTRISON;8;41;2024-04-02
ENGRACIA ESPASANDIN;4;39;2024-04-02
ANTONIO_BORJA ZARNEWSKI;2;40;2024-04-02
BEATRIZ_RAQUEL ERRECALDE;2;27;2024-04-02
REKHA DISANDRO;6;24;2024-04-02
WILLIAM_FREDERICK ZANGARO;8;16;2024-04-02
SERGIO CICCACCI;8;22;2024-04-02
JOSE_EDWIN CARAGANOPULOS;10;34;2024-04-02
DANIEL_IOAN CIVALERO;9;22;2024-04-02
MARIANO_DANIEL ROMAGNINO;7;38;2024-04-02
LAZARO BUONTEMPO;4;27;2024-04-02
SAVETA FISHER;5;33;2024-04-02
ERIKA_FERNANDA GINESI;6;19;2024-04-02
EDILBERTO ORTIGOZA;1;32;2024-04-02
GILA PILQUIMAN;1;36;2024-04-02
GIOVANNI_PAOLO FUSCO;5;46;2024-04-02
OSIRIS KLIBINGAITIS;1;18;2024-04-02
BENCOMO SCHIEFFER;2;34;2024-04-02
LILIANA_ELENA JURE;7;17;2024-04-02
GABRIELA_ALINA DEMAIO;2;39;2024-04-02
ANTONIA_DOLORES DOMENE;1;34;2024-04-02
PEDRO_FLORENCIO AL;2;24;2024-04-02
JOSE_NICOLAS SCHVINTT;3;40;2024-04-02
JANA_MARIA LIEBANO;6;33;2024-04-02
PETER_BRIAN SOUTO;3;38;2024-04-02
CARLITOS MORRESI;1;71;2024-04-02
LYUBKA BELLIURE;9;20;2024-04-02
OVIDIU_DANIEL VIDOVI;1;17;2024-04-02
CRISTINA_ESPERANZA CABIUDO;5;19;2024-04-02
JOSEFA_MARIA PERSINI;4;38;2024-04-02
GANEKO DEMAGISTRIS;10;39;2024-04-02
GEORGE_HENRY SALLEFRANQUE;4;21;2024-04-02
SILVIA_ELIZABETH ALTAMONTE;6;19;2024-04-02
RICARDO_EMILIO FILAMITA;3;54;2024-04-02
GIRALDO MACARIO;10;24;2024-04-02
EVANGELISTA WETZEL;4;18;2024-04-02
EMMA_PATRICIA VALTORTA;2;63;2024-04-02
DARIUS_ANDREI SCIANDA;6;16;2024-04-02
MARIA_PILAR_ROSA VENDRAMINI;4;16;2024-04-02
JUAN_RUPERTO PISANI;4;16;2024-04-02
ZOUBAIR MONTELLANO;1;23;2024-04-02
SABRIA ZAMBRANA;3;18;2024-04-02
XENIA_MARIA MUGNECO;6;31;2024-04-02
ALEJANDRO_SEGUNDO CERVIGNO;5;39;2024-04-02
EDOARDO BIELSA;1;37;2024-04-02
STEFAN_DIMITROV ARRESE;4;28;2024-04-02
YULEIMA OCES;7;59;2024-04-02
MARIA_MARA AIRE;6;28;2024-04-02
MARIA_FABIOLA BAUCHET;7;32;2024-04-02
PACITA BOZZINI;2;18;2024-04-02
MIGUEL_JUSTO MENOYO;10;29;2024-04-02
DIEGO_CARLOS SAEZ;10;27;2024-04-02
ELENA_LOREDANA VENTANCOUR;5;17;2024-04-02
LAURA ANTONIO;6;22;2024-04-02
JOSE_GERARDO PEIRETTI;2;16;2024-04-02
CORNELIA_NICOLETA KONFEDERAK;6;25;2024-04-02
GUSTAVO_PEDRO OBREGON;4;36;2024-04-02
MARGARET_JEAN LUCENA;5;30;2024-04-02
ABUL VELASCO;9;16;2024-04-02
JOAQUINA_ISABEL MAS;1;16;2024-04-02
GRACIA_ELENA PEREIRA;2;19;2024-04-02
BLAS_ANTONIO MISURELLI;10;30;2024-04-02
MANUEL_PLACIDO BARIN;7;48;2024-04-02
FRANCISCO_GONZALO COL;1;24;2024-04-02
GORGONIO GUAYMAS;10;25;2024-04-02
ANIRA GIORDAN;5;29;2024-04-02
JOHN_KEITH ANTONETTI;7;22;2024-04-02
CHAYMAE HUARAYA;10;27;2024-04-02
GLORIA_ANTONIA ROGANOVICH;2;33;2024-04-02
GABRIELA_MARGARITA FOLMER;5;21;2024-04-02
REKHA YAZLLE;10;39;2024-04-02
GEORG BERRA;5;24;2024-04-02
BENT IVARS;4;55;2024-04-02
AROA_ISABEL CUBICHEN;3;23;2024-04-02
VERA_CRISTINA ARNALDI;6;54;2024-04-02
JESUS_RODRIGO MERZARIO;7;24;2024-04-02
SERGIO_ALEXANDRE BOBILLO;6;39;2024-04-02
ASMAT CHAP;5;24;2024-04-02
INMACULADA_MERCEDES VEZZANI;1;16;2024-04-02
NIKOLAY_ILIEV NAVEA;3;25;2024-04-02
AHINARA TEDESQUI;2;75;2024-04-02
ELENA_STEFANIA BOLOGNESE;5;34;2024-04-02
HAONAN ORUSA;8;27;2024-04-02
CANCIO CEA;5;33;2024-04-02
VASILE_COSMIN CHOI;5;27;2024-04-02
LAURA_CAMILA AMARILLA;2;19;2024-04-02
ALINA_CRISTINA LUCHE;6;20;2024-04-02
ROSARIO_ENCARNACION OLDRINI;5;34;2024-04-02
OCTAVIO_LUIS DO_COBO;7;16;2024-04-02
JULIA_CONCEPCION SPAGNOL;2;32;2024-04-02
MARIA_HERLINDA PIRRELLO;4;17;2024-04-02
GARCIA ZARNIC;1;19;2024-04-02
AITANA_ROCIO FRATANTUENO;3;22;2024-04-02
ORLANDO_MIGUEL CLADAKIS;4;37;2024-04-02
ANGELA_REGINA ANHUAMAN;1;17;2024-04-02
AMATH RUTOLO;7;21;2024-04-02
ALICIA_MONICA ACHILLI;6;26;2024-04-02
BELLA_AURORA FRANCESCHELLI;2;24;2024-04-02
VERONICA_MARGARITA ROSSETTO;7;18;2024-04-02
HECTOR_HERNAN POLTRONETTI;6;17;2024-04-02
JOAQUIN_RICARDO BOSSHARDT;4;20;2024-04-02
PABLO_MANUEL PICHIPIL;3;40;2024-04-02
BIBI LOBATO;2;28;2024-04-02
REINHOLD SHUARZ;2;25;2024-04-02
LAURA_RAMONA DE_LLAMAS;3;17;2024-04-02
MARIA_ROSANNA SIDERA;9;37;2024-04-02
MARIA_COVADONGA GRUMBERG;5;20;2024-04-02
GALIN SCHEY;5;35;2024-04-02
BASSOU VENDRAME;5;18;2024-04-02
MARIA_CARMENZA CACICI;2;36;2024-04-02
RADU_NICOLAE PENINGER;3;21;2024-04-02
VICENTE_DANIEL BELLAGAMBA;1;20;2024-04-02
SERGIO_ROLANDO VELOZO;8;18;2024-04-02
VICENTE_ARTURO SO침ER;1;22;2024-04-02
CARLOS_MICHAEL SPADONE;7;17;2024-04-02
DENIS_FABIAN SIPAN;3;16;2024-04-02
JOSE_VICTORINO CARTOFIELD;2;52;2024-04-02
PEDRO_ALCANTARA MAURICE;4;20;2024-04-02
SHAHEEN CHATELLENAZ;9;19;2024-04-02
MUHAMMAD_AMIR ETCHEHUN;3;26;2024-04-02
DAVID_JAIME DE_ESTEBAN;6;17;2024-04-02
ARNOLD TELLECHEA;9;30;2024-04-02
ABDELBASSET PITRONACI;7;38;2024-04-02
RAYMOND_CHARLES SEIDENARI;7;25;2024-04-02
MODESTO_FRANCISCO ALUS;4;38;2024-04-02
IULICA ZOCCHI;10;21;2024-04-02
ANTONIO_MARCELO BORTOT;10;70;2024-04-02
AMAL CARMICIANO;6;35;2024-04-02
LLUCIA HILBERT;1;17;2024-04-02
ORBELINDA TARABELLI;8;53;2024-04-02
MARIA_JORGELINA CALCAGNI;2;22;2024-04-02
OSCAR_ALEJANDRO BIASI;4;22;2024-04-02
JULIA_CATALINA CAMOLA;1;28;2024-04-02
RALUCA_IOANA BANINI;2;26;2024-04-02
JORGE_RUBEN ISSLER;5;21;2024-04-02
JOSE_OMAR KARLE;5;29;2024-04-02
CARMEN_ALEXANDRA LIBERMAN;6;23;2024-04-02
DEIVIDAS MONNIER;9;70;2024-04-02
HUBERT BERTINAT;9;25;2024-04-02
GILBERTO_JOSE CANNARELLA;9;33;2024-04-02
ANGEL_ADOLFO BAETTI;10;22;2024-04-02
CANDELA GRISETTI;4;35;2024-04-02
DOMINGO_ENRIQUE MERLINO;10;33;2024-04-02
ANGELES_CUSTODIA RIEDEL;3;23;2024-04-02
VIRGINIA_PATRICIA FUKELMAN;6;31;2024-04-02
XUELIANG SENDRA;2;32;2024-04-02
MIRIAN_TERESA MARRON;2;62;2024-04-02
JASPER DINAMARCA;6;32;2024-04-02
PASCUAL_SALVADOR GIUFRE;6;20;2024-04-02
ESTHER_PATRICIA IRUSTA;1;43;2024-04-02
NDIAYE MARANZANO;10;19;2024-04-02
OROSIO MENI;7;19;2024-04-02
JAVIER_MARCELINO CARRARO;2;25;2024-04-02
MAURO_JOSE MATHEUS;7;26;2024-04-02
DULCINEA CAROLEO;1;28;2024-04-02
JHOANA ALLEMANN;1;36;2024-04-02
AGNETA CLERICUZIO;6;31;2024-04-02
LITA WARES;2;33;2024-04-02
RUMYANA HEICK;4;25;2024-04-02
EMILIA_FRANCISCA NIKUTOWSKI;6;29;2024-04-02
LILIANA_CONCEPCION GENERALE;6;24;2024-04-02
AGUSTIN_LUIS GOMITOLO;1;28;2024-04-02
MARIA_HUERTAS COTO;9;26;2024-04-02
JUANA_IRENE ALZAMENDI;1;27;2024-04-02
MELISSA_CARMEN CETTI;6;27;2024-04-02
FRANS NIKOLAC;9;34;2024-04-02
BRIGIDA_CARMEN FRELLI;4;25;2024-04-02
THERESE RUIBO;1;27;2024-04-02
ALEJANDRO_MATEO BLUM;1;19;2024-04-02
ANTONIO_DAMIAN CARLOS;1;23;2024-04-02
MIREN_JOSUNE NAQUED;1;23;2024-04-02
JULIAN_ANTONIO GONZALEZ;9;29;2024-04-02
CELIA_ELENA ALANDI;2;27;2024-04-02
PABLO_HUMBERTO PAMPINELLA;7;21;2024-04-02
FELIPA_MARIA GOUTTMANN;9;18;2024-04-02
CHEIKHOUNA SEEWALD;7;36;2024-04-02
MARLENA BACCHI;7;38;2024-04-02
LUIS_OSVALDO YARECA;6;32;2024-04-02
JUNIOR_JESUS BIERA;9;49;2024-04-02
SIXTO_MANUEL URTEAGA;3;16;2024-04-02
DUNIA_ESTHER KENIG;2;21;2024-04-02
JOSE_CELSO CARATI;3;25;2024-04-02
GEORGE_LAURENTIU ZITELLI;9;23;2024-04-02
EDUARDO_CARMELO CANTONE;2;25;2024-04-02
DOBROMIR GRAZIDE;1;19;2024-04-02
ALICE_ELIZABETH PEREZLINDO;3;22;2024-04-02
MELISSA_JANE SZYDLOWSKI;2;16;2024-04-02
ANIRA AZTIRIA;3;20;2024-04-02
JAMES_PAUL PARRAVICHINI;5;21;2024-04-02
ANA_CARIDAD CARRERE;9;62;2024-04-02
DAIREN KNAUS;7;23;2024-04-02
DOLORES_MACARENA GETTE;7;19;2024-04-02
JIANFENG ABADIA;5;24;2024-04-02
DIEGO_IVAN RISCO;9;28;2024-04-02
QUIQUE CAJAVILCA;7;36;2024-04-02
SATURNINO_JAVIER BOAINAIN;4;19;2024-04-02
MARIA_JOSEFA MORIENEGA;8;20;2024-04-02
ZHENG KUCHARCZUK;5;39;2024-04-02
DAVID_ISMAEL NOCE;9;32;2024-04-02
MARTA_MANUELA ROQUE;2;18;2024-04-02
MARCELO_JESUS SANDI;4;33;2024-04-02
MAXIMO_JUAN CATAPANO;8;30;2024-04-02
CIRIACA SANTURIO;4;25;2024-04-02
MONICA_ISABEL SEGUEL;8;27;2024-04-02
HAFIZ VUELTA;2;30;2024-04-02
SAMUEL_JESUS BREKEL;8;61;2024-04-02
MADALINA_IOANA MYSLICKI;5;22;2024-04-02
NATIVIDAD_ISABEL NAVEDA;1;21;2024-04-02
MARIA_MONTA헤S APARICIO;2;17;2024-04-02
EVA_LUNA IRRIBARRA;9;24;2024-04-02
GAVINO HENRY;1;21;2024-04-02
VALERIE_JEAN BARRIA;7;29;2024-04-02
ANDREA_MILAGROS TRILLINI;1;16;2024-04-02
OIANA CASAFUS;10;32;2024-04-02
MARGARITA_BELEN JORNEFI;3;32;2024-04-02
PAULO_DANIEL SETTI;4;21;2024-04-02
ABDELMAOULA ROSAS;4;25;2024-04-02
VIRGINIE RICHER;3;22;2024-04-02
ALFREDO_ANDRES AMURRI;1;27;2024-04-02
SMBAT CAMARDA;2;16;2024-04-02
AIKO POLAK;9;23;2024-04-02
SIMON_MARK JOURNADE;5;16;2024-04-02
NAVEED NOVELLO;7;20;2024-04-02
RAIMOND EDER;2;23;2024-04-02
HUMBERTO_JESUS SONCCO;3;53;2024-04-02
CAROLINA_ALEXANDRA ERBA;2;34;2024-04-02
MARLENE_ROCIO PINILLO;8;24;2024-04-02
LAMINE YBA침EZ;4;19;2024-04-02
IRENE_GABRIELA SOMERVILLE;8;33;2024-04-02
MIHAIL_GABRIEL BARBAGELATA;4;44;2024-04-02
